[
 {
   "FYC của quý xét thưởng": 100000,
   "DL THƯỜNG": "8%",
   "MANULIFE": "16%"
 },
 {
   "FYC của quý xét thưởng": 80000,
   "DL THƯỜNG": "6%",
   "MANULIFE": "12%"
 },
 {
   "FYC của quý xét thưởng": 60000,
   "DL THƯỜNG": "5%",
   "MANULIFE": "10%"
 },
 {
   "FYC của quý xét thưởng": 45000,
   "DL THƯỜNG": "4%",
   "MANULIFE": "8%"
 },
 {
   "FYC của quý xét thưởng": 30000,
   "DL THƯỜNG": "3%",
   "MANULIFE": "6%"
 },
 {
   "FYC của quý xét thưởng": 15000,
   "DL THƯỜNG": "2%",
   "MANULIFE": "4%"
 }
]