[
 {
   "FYC trong 3 tháng gần nhất": 100000,
   "% Tỷ lệ thưởng năng suất tháng": 0.5
 },
 {
   "FYC trong 3 tháng gần nhất": 80000,
   "% Tỷ lệ thưởng năng suất tháng": 0.35
 },
 {
   "FYC trong 3 tháng gần nhất": 60000,
   "% Tỷ lệ thưởng năng suất tháng": 0.3
 },
 {
   "FYC trong 3 tháng gần nhất": 45000,
   "% Tỷ lệ thưởng năng suất tháng": 0.25
 },
 {
   "FYC trong 3 tháng gần nhất": 30000,
   "% Tỷ lệ thưởng năng suất tháng": 0.2
 },
 {
   "FYC trong 3 tháng gần nhất": 15000,
   "% Tỷ lệ thưởng năng suất tháng": 0.15
 },
 {
   "FYC trong 3 tháng gần nhất": 10000,
   "% Tỷ lệ thưởng năng suất tháng": 0.1
 }
]