[
 {
  "FYP của tháng xét thưởng":"15000",
  "Manulife Pro Bạc":"1500",
  "Manulife Pro Vàng":"1500",
  "Manulife Pro Bạch Kim":"2000"
 },
 {
  "FYP của tháng xét thưởng":"30000",
  "Manulife Pro Bạc":"3000",
  "Manulife Pro Vàng":"3000",
  "Manulife Pro Bạch Kim":"4000"
 },
 {
  "FYP của tháng xét thưởng":"45000",
  "Manulife Pro Bạc":"3000",
  "Manulife Pro Vàng":"5000",
  "Manulife Pro Bạch Kim":"8000"
 },
 {
  "FYP của tháng xét thưởng":"60000",
  "Manulife Pro Bạc":"3000",
  "Manulife Pro Vàng":"7000",
  "Manulife Pro Bạch Kim":"10000"
 },
 {
  "FYP của tháng xét thưởng":"80000",
  "Manulife Pro Bạc":"3000",
  "Manulife Pro Vàng":"7000",
  "Manulife Pro Bạch Kim":"12000"
 },
 {
  "FYP của tháng xét thưởng":"100000",
  "Manulife Pro Bạc":"3000",
  "Manulife Pro Vàng":"7000",
  "Manulife Pro Bạch Kim":"16000"
 }
]